region_id,group,estimator,occupied_ci_low,occupied_ci_high,all_ci_low,all_ci_high
blr2,any,unweighted,0.04262354676691988,0.058661678942435146,0.042317632850241545,0.05806068974975998
blr2,any,density_sensitivity,0.04241687924346691,0.060861840991717785,0.041685128990011276,0.06019069434577386
blr2,regional,unweighted,0.022353132983788302,0.034551065250683743,0.021962469315941938,0.03438578738687583
blr2,regional,density_sensitivity,0.023000053409402112,0.03723660548946024,0.022549456938835567,0.03685156908742842
blr2,surname_title,unweighted,0.014143710746318006,0.02284424362953151,0.014170025228884693,0.02267016798323023
blr2,surname_title,density_sensitivity,0.013105359546414525,0.022893739953416217,0.013142158567611622,0.022660650559844744
blr2,merchant_community,unweighted,6.257042972457789e-4,0.003662178605228206,6.086380975535598e-4,0.0036467517292393045
blr2,merchant_community,density_sensitivity,7.157190044132208e-4,0.004233752106456672,6.48420314121424e-4,0.004159369633676251
blr2,upper_caste,unweighted,8.627756114563106e-4,0.00394831222650984,8.64254548155708e-4,0.004015178587870965
blr2,upper_caste,density_sensitivity,6.437268293727297e-4,0.0031234689807251876,6.551664213364625e-4,0.003173212208726109
del,any,unweighted,0.03846102150537634,0.050767568998210576,0.037843434322823576,0.05081576937452264
del,any,density_sensitivity,0.034717948950685674,0.04866470392953103,0.03450748538902206,0.04878196068872372
del,regional,unweighted,0.011024438336385322,0.018939678446120555,0.010669750326707476,0.018970729801084642
del,regional,density_sensitivity,0.009203726694601198,0.016236359665936992,0.00891100439791755,0.016384231544199483
del,surname_title,unweighted,0.01175282386106007,0.019543945467522503,0.011839548182963797,0.01931276649109606
del,surname_title,density_sensitivity,0.010432205084594439,0.018957259491745003,0.010427378852687685,0.018560642359659645
del,merchant_community,unweighted,0.01091359021688971,0.01780084119597123,0.010855222569842041,0.017717660976684476
del,merchant_community,density_sensitivity,0.010148619352305053,0.02041419154312635,0.010327475256581854,0.02027668527205261
del,upper_caste,unweighted,,,,
del,upper_caste,density_sensitivity,,,,
jai,any,unweighted,0.027179683399123605,0.04690354787078217,0.02707070329998507,0.04652569356838527
jai,any,density_sensitivity,0.02179620407846729,0.04448432435893813,0.022091743348138626,0.044501102066484687
jai,regional,unweighted,0.0017717681085384416,0.010283299131763405,0.001816888766467521,0.01039961136946719
jai,regional,density_sensitivity,0.0011689330766675291,0.006406729912410678,0.0011613658201651124,0.00623207512321807
jai,surname_title,unweighted,0.014326647564469915,0.029179670577264016,0.014458900059136607,0.028615359010950664
jai,surname_title,density_sensitivity,0.012393032904874044,0.03143891736812325,0.012546477440234809,0.0315684920294004
jai,merchant_community,unweighted,0.004986149584487534,0.014756063848947228,0.004966409569336183,0.014740741620201414
jai,merchant_community,density_sensitivity,0.003892207762418984,0.012294786087388645,0.00396044290964223,0.012093794089128411
jai,upper_caste,unweighted,,,,
jai,upper_caste,density_sensitivity,,,,
kol,any,unweighted,0.018969291735113726,0.029482183112997933,0.019244006642580632,0.029571637445955003
kol,any,density_sensitivity,0.02033981996312054,0.03644553557927189,0.020529425532015456,0.03626805055412077
kol,regional,unweighted,0.002529647913801315,0.007437881242265421,0.0024939765317995213,0.007489874578904717
kol,regional,density_sensitivity,0.0022871481095750367,0.010466571737854037,0.0022387763046765223,0.010215751034287823
kol,surname_title,unweighted,0.00725967515032481,0.013899805907890339,0.007273682405956113,0.01390849674467026
kol,surname_title,density_sensitivity,0.0075670991408389775,0.015884650000078916,0.007728086164457379,0.01588156680915645
kol,merchant_community,unweighted,0.006303180644003279,0.0126130902624797,0.006186976980630361,0.01258396265367024
kol,merchant_community,density_sensitivity,0.006439910638387757,0.017003683481825044,0.0063961338784517974,0.01709958785199126
kol,upper_caste,unweighted,,,,
kol,upper_caste,density_sensitivity,,,,
lko,any,unweighted,0.04399082661174331,0.06598729758998696,0.043983306879715425,0.06551342347668379
lko,any,density_sensitivity,0.03960737555879351,0.06318081601395706,0.03921427325937648,0.06317609665146195
lko,regional,unweighted,0.0010509445646671991,0.006004482979928408,0.0010250759786729845,0.006007728166698002
lko,regional,density_sensitivity,7.790399086768323e-4,0.005507633690936527,7.527887723216729e-4,0.005574125256288407
lko,surname_title,unweighted,0.02387647884437912,0.041826299636531214,0.02430339543215935,0.04138073918841684
lko,surname_title,density_sensitivity,0.02100838998947795,0.04096368679338906,0.021161134342981083,0.04169627296930021
lko,merchant_community,unweighted,0.013255692595448268,0.025028661365348034,0.013025780411147674,0.025218829366927768
lko,merchant_community,density_sensitivity,0.011777375848371466,0.023361905877720034,0.011700135880604189,0.023386557621408212
lko,upper_caste,unweighted,,,,
lko,upper_caste,density_sensitivity,,,,
maa2,any,unweighted,0.0252575002398199,0.03584401907756035,0.025257154466825332,0.035901564631915885
maa2,any,density_sensitivity,0.02450315651351034,0.03587434827613327,0.02453464498625471,0.0358012498942665
maa2,regional,unweighted,0.02020597265253368,0.029970170934224962,0.020287678620349126,0.029799829333084244
maa2,regional,density_sensitivity,0.01962417397840675,0.030101038222486606,0.019815543334944417,0.0297879721105964
maa2,surname_title,unweighted,0.0027325345612881297,0.006334193884824319,0.0026177615351303737,0.0063556444518287165
maa2,surname_title,density_sensitivity,0.002583244484352902,0.006145078626080038,0.0025584666645508914,0.0062116884595599135
maa2,merchant_community,unweighted,7.878204052173071e-4,0.002979175574278284,7.688760801820335e-4,0.003036185865916886
maa2,merchant_community,density_sensitivity,7.492567053878107e-4,0.003012715069248634,6.841212894780199e-4,0.002992465228932905
maa2,upper_caste,unweighted,0,0.0010060970908143492,0,0.0010087306843708293
maa2,upper_caste,density_sensitivity,0,7.700932510735311e-4,0,7.700212404198912e-4
mys2,any,unweighted,0.05933152265068155,0.09543246618494056,0.05821748886897395,0.09430026353942733
mys2,any,density_sensitivity,0.04406344776201032,0.08974034195289353,0.04323667876445259,0.09057841657946339
mys2,regional,unweighted,0.04661856661856662,0.07861787612142596,0.04596082886472859,0.07840781227351677
mys2,regional,density_sensitivity,0.03177743774571187,0.0675957306101846,0.03167211060266331,0.06732453773873769
mys2,surname_title,unweighted,0.002967359050445104,0.014224294516485164,0.002341851897503321,0.013835364514712333
mys2,surname_title,density_sensitivity,0.0019669383975233845,0.012629681905121422,0.0018094968419041257,0.012950397853161464
mys2,merchant_community,unweighted,0,0.0035681466088905095,0,0.00360206639319372
mys2,merchant_community,density_sensitivity,0,0.0014561188712281798,0,0.0014824181029710534
mys2,upper_caste,unweighted,0.002517647790527723,0.013742162696250445,0.0027397260273972603,0.013542019681960372
mys2,upper_caste,density_sensitivity,0.0024613985912353416,0.0223078070759895,0.002508283991830204,0.022185809478869684
vns,any,unweighted,0.02791134140609262,0.056454349729966415,0.02882247050627891,0.05670854418295841
vns,any,density_sensitivity,0.031546848702260495,0.07055839079186546,0.031339132764248157,0.07017639403235508
vns,regional,unweighted,0,0.0033825701813408964,0,0.0034643033547370806
vns,regional,density_sensitivity,0,0.002032581365825918,0,0.00211153622050115
vns,surname_title,unweighted,0.01565517222755317,0.03802009422182997,0.015728843427958474,0.038511214076012046
vns,surname_title,density_sensitivity,0.016971816546617276,0.04876424768949703,0.016975669190356965,0.048495934203812124
vns,merchant_community,unweighted,0.0062798122738042545,0.022538552787663108,0.006437768240343348,0.022822310467358074
vns,merchant_community,density_sensitivity,0.006278754909095725,0.03134482781651416,0.006741168241423449,0.030969334178072773
vns,upper_caste,unweighted,0,0.0034933575292748014,0,0.003348401546021092
vns,upper_caste,density_sensitivity,0,0.001346787747395272,0,0.0012976495655553143
