group,old_n,old_confirmed,old_p,new_n,new_confirmed,new_p,unresolved,change_pp,region_id
any,7770,414,0.05328185328185328,7769,415,0.05341742824044279,5,0.01355749585895058,blr
merchant_community,7770,10,0.001287001287001287,7769,10,0.0012871669455528382,0,1.6565855155128636e-5,blr
regional,7770,287,0.036936936936936934,7769,287,0.03694169133736646,2,4.754400429525518e-4,blr
surname_title,7770,87,0.011196911196911196,7769,88,0.011327069120864976,3,0.013015792395378034,blr
upper_caste,7770,31,0.00398970398970399,7769,31,0.0039902175312137985,0,5.1354150980894436e-5,blr
any,4962,159,0.03204353083434099,4961,159,0.032049989921386815,14,6.459087045822265e-4,maa
merchant_community,4962,23,0.004635227730753728,4961,23,0.00463616206409998,0,9.343333462518214e-5,maa
regional,4962,109,0.02196694881096332,4961,109,0.021971376738560772,5,4.427927597451531e-4,maa
surname_title,4962,23,0.004635227730753728,4961,23,0.00463616206409998,9,9.343333462518214e-5,maa
upper_caste,4962,7,0.0014107214832728737,4961,7,0.0014110058455956461,0,2.8436232277239716e-5,maa
any,2175,134,0.06160919540229885,2175,134,0.06160919540229885,0,0,mys
merchant_community,2175,5,0.0022988505747126436,2175,5,0.0022988505747126436,0,0,mys
regional,2175,98,0.045057471264367814,2175,98,0.045057471264367814,0,0,mys
surname_title,2175,20,0.009195402298850575,2175,20,0.009195402298850575,0,0,mys
upper_caste,2175,14,0.006436781609195402,2175,14,0.006436781609195402,0,0,mys
any,3447,173,0.0501885697708152,3447,173,0.0501885697708152,0,0,blr2
merchant_community,3447,7,0.0020307513780098638,3447,7,0.0020307513780098638,0,0,blr2
regional,3447,97,0.028140411952422395,3447,97,0.028140411952422395,0,0,blr2
surname_title,3447,63,0.018276762402088774,3447,63,0.018276762402088774,0,0,blr2
upper_caste,3447,8,0.0023208587177255585,3447,8,0.0023208587177255585,0,0,blr2
any,4009,178,0.04440009977550512,4009,178,0.04440009977550512,0,0,del
merchant_community,4009,57,0.014218009478672985,4009,57,0.014218009478672985,0,0,del
regional,4009,59,0.014716887004240458,4009,59,0.014716887004240458,0,0,del
surname_title,4009,62,0.015465203292591668,4009,62,0.015465203292591668,0,0,del
upper_caste,4009,0,0,4009,0,0,0,0,del
any,1771,65,0.03670242800677583,1771,65,0.03670242800677583,0,0,jai
merchant_community,1771,17,0.009599096555618294,1771,17,0.009599096555618294,0,0,jai
regional,1771,10,0.00564652738565782,1771,10,0.00564652738565782,0,0,jai
surname_title,1771,38,0.021456804065499716,1771,38,0.021456804065499716,0,0,jai
upper_caste,1771,0,0,1771,0,0,0,0,jai
any,3768,91,0.024150743099787687,3768,91,0.024150743099787687,0,0,kol
merchant_community,3768,35,0.009288747346072187,3768,35,0.009288747346072187,0,0,kol
regional,3768,18,0.004777070063694267,3768,18,0.004777070063694267,0,0,kol
surname_title,3768,39,0.010350318471337579,3768,39,0.010350318471337579,0,0,kol
upper_caste,3768,0,0,3768,0,0,0,0,kol
any,1855,101,0.05444743935309973,1855,101,0.05444743935309973,0,0,lko
merchant_community,1855,35,0.018867924528301886,1855,35,0.018867924528301886,0,0,lko
regional,1855,6,0.003234501347708895,1855,6,0.003234501347708895,0,0,lko
surname_title,1855,60,0.03234501347708895,1855,60,0.03234501347708895,0,0,lko
upper_caste,1855,0,0,1855,0,0,0,0,lko
any,5025,153,0.03044776119402985,5025,153,0.03044776119402985,1,0,maa2
merchant_community,5025,9,0.001791044776119403,5025,9,0.001791044776119403,0,0,maa2
regional,5025,125,0.024875621890547265,5025,125,0.024875621890547265,1,0,maa2
surname_title,5025,22,0.004378109452736319,5025,22,0.004378109452736319,0,0,maa2
upper_caste,5025,2,3.980099502487562e-4,5025,2,3.980099502487562e-4,0,0,maa2
any,904,69,0.07632743362831858,904,69,0.07632743362831858,0,0,mys2
merchant_community,904,1,0.0011061946902654867,904,1,0.0011061946902654867,0,0,mys2
regional,904,56,0.061946902654867256,904,56,0.061946902654867256,0,0,mys2
surname_title,904,7,0.007743362831858407,904,7,0.007743362831858407,0,0,mys2
upper_caste,904,7,0.007743362831858407,904,7,0.007743362831858407,0,0,mys2
any,940,39,0.04148936170212766,940,39,0.04148936170212766,0,0,vns
merchant_community,940,13,0.013829787234042552,940,13,0.013829787234042552,0,0,vns
regional,940,1,0.0010638297872340426,940,1,0.0010638297872340426,0,0,vns
surname_title,940,24,0.02553191489361702,940,24,0.02553191489361702,0,0,vns
upper_caste,940,1,0.0010638297872340426,940,1,0.0010638297872340426,0,0,vns
