group,n,confirmed,unresolved,p,identification_upper,estimator,ci_low,ci_high,region_id,n_points,occupied_points,failed_draws,draws,seed
any,7769,415,5,0.05341742824044279,0.054061011713219205,unweighted,,,blr,,,,,
merchant_community,7769,10,0,0.0012871669455528382,0.0012871669455528382,unweighted,,,blr,,,,,
regional,7769,287,2,0.03694169133736646,0.037199124726477024,unweighted,,,blr,,,,,
surname_title,7769,88,3,0.011327069120864976,0.011713219204530828,unweighted,,,blr,,,,,
upper_caste,7769,31,0,0.0039902175312137985,0.0039902175312137985,unweighted,,,blr,,,,,
any,4961,159,14,0.032049989921386815,0.034872001612578106,unweighted,,,maa,,,,,
merchant_community,4961,23,0,0.00463616206409998,0.00463616206409998,unweighted,,,maa,,,,,
regional,4961,109,5,0.021971376738560772,0.02297923805684338,unweighted,,,maa,,,,,
surname_title,4961,23,9,0.00463616206409998,0.006450312437008668,unweighted,,,maa,,,,,
upper_caste,4961,7,0,0.0014110058455956461,0.0014110058455956461,unweighted,,,maa,,,,,
any,2175,134,0,0.06160919540229885,0.06160919540229885,unweighted,,,mys,,,,,
merchant_community,2175,5,0,0.0022988505747126436,0.0022988505747126436,unweighted,,,mys,,,,,
regional,2175,98,0,0.045057471264367814,0.045057471264367814,unweighted,,,mys,,,,,
surname_title,2175,20,0,0.009195402298850575,0.009195402298850575,unweighted,,,mys,,,,,
upper_caste,2175,14,0,0.006436781609195402,0.006436781609195402,unweighted,,,mys,,,,,
any,3447,173,0,0.0501885697708152,0.0501885697708152,unweighted,0.042317632850241545,0.05806068974975998,blr2,400,298,0,2000,7
any,3447,173,0,0.050852324298933285,0.050852324298933285,density_sensitivity,0.041685128990011276,0.06019069434577386,blr2,400,298,0,2000,7
regional,3447,97,0,0.028140411952422395,0.028140411952422395,unweighted,0.021962469315941938,0.03438578738687583,blr2,400,298,0,2000,7
regional,3447,97,0,0.029606733336745333,0.029606733336745333,density_sensitivity,0.022549456938835567,0.03685156908742842,blr2,400,298,0,2000,7
surname_title,3447,63,0,0.018276762402088774,0.018276762402088774,unweighted,0.014170025228884693,0.02267016798323023,blr2,400,298,0,2000,7
surname_title,3447,63,0,0.017674911278271005,0.017674911278271005,density_sensitivity,0.013142158567611622,0.022660650559844744,blr2,400,298,0,2000,7
merchant_community,3447,7,0,0.0020307513780098638,0.0020307513780098638,unweighted,6.086380975535598e-4,0.0036467517292393045,blr2,400,298,0,2000,7
merchant_community,3447,7,0,0.002232362418736317,0.002232362418736317,density_sensitivity,6.48420314121424e-4,0.004159369633676251,blr2,400,298,0,2000,7
upper_caste,3447,8,0,0.0023208587177255585,0.0023208587177255585,unweighted,8.64254548155708e-4,0.004015178587870965,blr2,400,298,0,2000,7
upper_caste,3447,8,0,0.0018197202800620655,0.0018197202800620655,density_sensitivity,6.551664213364625e-4,0.003173212208726109,blr2,400,298,0,2000,7
any,4009,178,0,0.04440009977550512,0.04440009977550512,unweighted,0.037843434322823576,0.05081576937452264,del,400,347,0,2000,7
any,4009,178,0,0.041509346328319076,0.041509346328319076,density_sensitivity,0.03450748538902206,0.04878196068872372,del,400,347,0,2000,7
regional,4009,59,0,0.014716887004240458,0.014716887004240458,unweighted,0.010669750326707476,0.018970729801084642,del,400,347,0,2000,7
regional,4009,59,0,0.01245803136810325,0.01245803136810325,density_sensitivity,0.00891100439791755,0.016384231544199483,del,400,347,0,2000,7
surname_title,4009,62,0,0.015465203292591668,0.015465203292591668,unweighted,0.011839548182963797,0.01931276649109606,del,400,347,0,2000,7
surname_title,4009,62,0,0.014333643305195268,0.014333643305195268,density_sensitivity,0.010427378852687685,0.018560642359659645,del,400,347,0,2000,7
merchant_community,4009,57,0,0.014218009478672985,0.014218009478672985,unweighted,0.010855222569842041,0.017717660976684476,del,400,347,0,2000,7
merchant_community,4009,57,0,0.01471767165502057,0.01471767165502057,density_sensitivity,0.010327475256581854,0.02027668527205261,del,400,347,0,2000,7
upper_caste,4009,0,0,0,0,unweighted,,,del,400,347,0,2000,7
upper_caste,4009,0,0,0,0,density_sensitivity,,,del,400,347,0,2000,7
any,1771,65,0,0.03670242800677583,0.03670242800677583,unweighted,0.02707070329998507,0.04652569356838527,jai,400,238,0,2000,7
any,1771,65,0,0.03235362177076433,0.03235362177076433,density_sensitivity,0.022091743348138626,0.044501102066484687,jai,400,238,0,2000,7
regional,1771,10,0,0.00564652738565782,0.00564652738565782,unweighted,0.001816888766467521,0.01039961136946719,jai,400,238,0,2000,7
regional,1771,10,0,0.003462571643227167,0.003462571643227167,density_sensitivity,0.0011613658201651124,0.00623207512321807,jai,400,238,0,2000,7
surname_title,1771,38,0,0.021456804065499716,0.021456804065499716,unweighted,0.014458900059136607,0.028615359010950664,jai,400,238,0,2000,7
surname_title,1771,38,0,0.0211720895359727,0.0211720895359727,density_sensitivity,0.012546477440234809,0.0315684920294004,jai,400,238,0,2000,7
merchant_community,1771,17,0,0.009599096555618294,0.009599096555618294,unweighted,0.004966409569336183,0.014740741620201414,jai,400,238,0,2000,7
merchant_community,1771,17,0,0.007718960591564464,0.007718960591564464,density_sensitivity,0.00396044290964223,0.012093794089128411,jai,400,238,0,2000,7
upper_caste,1771,0,0,0,0,unweighted,,,jai,400,238,0,2000,7
upper_caste,1771,0,0,0,0,density_sensitivity,,,jai,400,238,0,2000,7
any,3768,91,0,0.024150743099787687,0.024150743099787687,unweighted,0.019244006642580632,0.029571637445955003,kol,400,349,0,2000,7
any,3768,91,0,0.028095663532536258,0.028095663532536258,density_sensitivity,0.020529425532015456,0.03626805055412077,kol,400,349,0,2000,7
regional,3768,18,0,0.004777070063694267,0.004777070063694267,unweighted,0.0024939765317995213,0.007489874578904717,kol,400,349,0,2000,7
regional,3768,18,0,0.005704615686843053,0.005704615686843053,density_sensitivity,0.0022387763046765223,0.010215751034287823,kol,400,349,0,2000,7
surname_title,3768,39,0,0.010350318471337579,0.010350318471337579,unweighted,0.007273682405956113,0.01390849674467026,kol,400,349,0,2000,7
surname_title,3768,39,0,0.011503131051546111,0.011503131051546111,density_sensitivity,0.007728086164457379,0.01588156680915645,kol,400,349,0,2000,7
merchant_community,3768,35,0,0.009288747346072187,0.009288747346072187,unweighted,0.006186976980630361,0.01258396265367024,kol,400,349,0,2000,7
merchant_community,3768,35,0,0.011081750164201187,0.011081750164201187,density_sensitivity,0.0063961338784517974,0.01709958785199126,kol,400,349,0,2000,7
upper_caste,3768,0,0,0,0,unweighted,,,kol,400,349,0,2000,7
upper_caste,3768,0,0,0,0,density_sensitivity,,,kol,400,349,0,2000,7
any,1855,101,0,0.05444743935309973,0.05444743935309973,unweighted,0.043983306879715425,0.06551342347668379,lko,400,264,0,2000,7
any,1855,101,0,0.05032486730506251,0.05032486730506251,density_sensitivity,0.03921427325937648,0.06317609665146195,lko,400,264,0,2000,7
regional,1855,6,0,0.003234501347708895,0.003234501347708895,unweighted,0.0010250759786729845,0.006007728166698002,lko,400,264,0,2000,7
regional,1855,6,0,0.0028296521030604428,0.0028296521030604428,density_sensitivity,7.527887723216729e-4,0.005574125256288407,lko,400,264,0,2000,7
surname_title,1855,60,0,0.03234501347708895,0.03234501347708895,unweighted,0.02430339543215935,0.04138073918841684,lko,400,264,0,2000,7
surname_title,1855,60,0,0.03035941395364532,0.03035941395364532,density_sensitivity,0.021161134342981083,0.04169627296930021,lko,400,264,0,2000,7
merchant_community,1855,35,0,0.018867924528301886,0.018867924528301886,unweighted,0.013025780411147674,0.025218829366927768,lko,400,264,0,2000,7
merchant_community,1855,35,0,0.01713580124835677,0.01713580124835677,density_sensitivity,0.011700135880604189,0.023386557621408212,lko,400,264,0,2000,7
upper_caste,1855,0,0,0,0,unweighted,,,lko,400,264,0,2000,7
upper_caste,1855,0,0,0,0,density_sensitivity,,,lko,400,264,0,2000,7
any,5025,153,1,0.03044776119402985,0.030646766169154228,unweighted,0.025257154466825332,0.035901564631915885,maa2,400,379,0,2000,7
any,5025,153,1,0.030034488555101612,0.030226755038892838,density_sensitivity,0.02453464498625471,0.0358012498942665,maa2,400,379,0,2000,7
regional,5025,125,1,0.024875621890547265,0.02507462686567164,unweighted,0.020287678620349126,0.029799829333084244,maa2,400,379,0,2000,7
regional,5025,125,1,0.024603965804401287,0.024796232288192516,density_sensitivity,0.019815543334944417,0.0297879721105964,maa2,400,379,0,2000,7
surname_title,5025,22,0,0.004378109452736319,0.004378109452736319,unweighted,0.0026177615351303737,0.0063556444518287165,maa2,400,379,0,2000,7
surname_title,5025,22,0,0.004279451549691837,0.004279451549691837,density_sensitivity,0.0025584666645508914,0.0062116884595599135,maa2,400,379,0,2000,7
merchant_community,5025,9,0,0.001791044776119403,0.001791044776119403,unweighted,7.688760801820335e-4,0.003036185865916886,maa2,400,379,0,2000,7
merchant_community,5025,9,0,0.0017778735544043867,0.0017778735544043867,density_sensitivity,6.841212894780199e-4,0.002992465228932905,maa2,400,379,0,2000,7
upper_caste,5025,2,0,3.980099502487562e-4,3.980099502487562e-4,unweighted,0,0.0010087306843708293,maa2,400,379,0,2000,7
upper_caste,5025,2,0,3.033016229692193e-4,3.033016229692193e-4,density_sensitivity,0,7.700212404198912e-4,maa2,400,379,0,2000,7
any,904,69,0,0.07632743362831858,0.07632743362831858,unweighted,0.05821748886897395,0.09430026353942733,mys2,400,153,0,2000,7
any,904,69,0,0.06434995406836805,0.06434995406836805,density_sensitivity,0.04323667876445259,0.09057841657946339,mys2,400,153,0,2000,7
regional,904,56,0,0.061946902654867256,0.061946902654867256,unweighted,0.04596082886472859,0.07840781227351677,mys2,400,153,0,2000,7
regional,904,56,0,0.047920848725837226,0.047920848725837226,density_sensitivity,0.03167211060266331,0.06732453773873769,mys2,400,153,0,2000,7
surname_title,904,7,0,0.007743362831858407,0.007743362831858407,unweighted,0.002341851897503321,0.013835364514712333,mys2,400,153,0,2000,7
surname_title,904,7,0,0.006419876408306032,0.006419876408306032,density_sensitivity,0.0018094968419041257,0.012950397853161464,mys2,400,153,0,2000,7
merchant_community,904,1,0,0.0011061946902654867,0.0011061946902654867,unweighted,0,0.00360206639319372,mys2,400,153,0,2000,7
merchant_community,904,1,0,4.293471526587284e-4,4.293471526587284e-4,density_sensitivity,0,0.0014824181029710534,mys2,400,153,0,2000,7
upper_caste,904,7,0,0.007743362831858407,0.007743362831858407,unweighted,0.0027397260273972603,0.013542019681960372,mys2,400,153,0,2000,7
upper_caste,904,7,0,0.010665877520644039,0.010665877520644039,density_sensitivity,0.002508283991830204,0.022185809478869684,mys2,400,153,0,2000,7
any,940,39,0,0.04148936170212766,0.04148936170212766,unweighted,0.02882247050627891,0.05670854418295841,vns,400,167,0,2000,7
any,940,39,0,0.04954478264580859,0.04954478264580859,density_sensitivity,0.031339132764248157,0.07017639403235508,vns,400,167,0,2000,7
regional,940,1,0,0.0010638297872340426,0.0010638297872340426,unweighted,0,0.0034643033547370806,vns,400,167,0,2000,7
regional,940,1,0,6.325992677742914e-4,6.325992677742914e-4,density_sensitivity,0,0.00211153622050115,vns,400,167,0,2000,7
surname_title,940,24,0,0.02553191489361702,0.02553191489361702,unweighted,0.015728843427958474,0.038511214076012046,vns,400,167,0,2000,7
surname_title,940,24,0,0.031240060156878576,0.031240060156878576,density_sensitivity,0.016975669190356965,0.048495934203812124,vns,400,167,0,2000,7
merchant_community,940,13,0,0.013829787234042552,0.013829787234042552,unweighted,0.006437768240343348,0.022822310467358074,vns,400,167,0,2000,7
merchant_community,940,13,0,0.017277894691963048,0.017277894691963048,density_sensitivity,0.006741168241423449,0.030969334178072773,vns,400,167,0,2000,7
upper_caste,940,1,0,0.0010638297872340426,0.0010638297872340426,unweighted,0,0.003348401546021092,vns,400,167,0,2000,7
upper_caste,940,1,0,3.9422852919267443e-4,3.9422852919267443e-4,density_sensitivity,0,0.0012976495655553143,vns,400,167,0,2000,7
