year,city,segment,n,identity,explicit_caste,p_identity,p_explicit_caste
1918,Coonoor,european,3,0,0,0,0
1918,Kotagiri,ambiguous,2,0,0,0,0
1918,Kotagiri,european,6,0,0,0,0
1918,Madras,european,10,0,0,0,0
1918,Madras,indian,1,1,1,1,1
1918,Pondicherry,european,1,0,0,0,0
1918,Pondicherry,indian,1,0,0,0,0
1919,Cannanore,indian,1,0,0,0,0
1919,Coonoor,european,3,0,0,0,0
1919,Kotagiri,ambiguous,2,0,0,0,0
1919,Kotagiri,european,6,0,0,0,0
1924,Bangalore,indian,1,1,0,1,0
1924,Mysore,ambiguous,1,0,0,0,0
1924,Mysore,european,1,0,0,0,0
1924,Mysore,indian,2,2,0,1,0
1924,Ootacamund,european,1,0,0,0,0
1924,Pondicherry,european,1,0,0,0,0
1924,Pondicherry,indian,1,0,0,0,0
1925,Madras,european,15,0,0,0,0
1925,Madras,indian,18,15,0,0.8333333333333334,0
1925,Madura,indian,1,1,0,1,0
1925,Mysore,indian,1,1,0,1,0
1925,Salem,indian,1,1,1,1,1
1928,Calcutta,ambiguous,1,0,0,0,0
1928,Madras,ambiguous,1,0,0,0,0
1928,Madras,indian,1,1,0,1,0
