path,md5
data/restaurants_2025_08_22_blr_raw_collection.jsonl,86a2bc74ee4d222e44f3ed53f715e3b0
data/restaurants_2025_08_22_maa_raw_collection.jsonl,58eb556bc6ca5ae4b531816f7d5954c1
data/restaurants_2025_08_22_mys_raw_collection.jsonl,b9239a11f6bdf2a813b027b8e5abda76
data/restaurants_2026_08_31_blr2_raw_collection.jsonl,776101a992b8a4b628b0a5b79ae9cd41
data/restaurants_2026_08_31_del_raw_collection.jsonl,d82d605fa6adacc13f5ea93d1bd8546e
data/restaurants_2026_08_31_jai_raw_collection.jsonl,d8179d51e0b74a140765e3fe87a2abdf
data/restaurants_2026_08_31_kol_raw_collection.jsonl,3689cdad46c598b670d2acb63cb82bce
data/restaurants_2026_08_31_lko_raw_collection.jsonl,3074f8df66c5648004da61ee23218be3
data/restaurants_2026_08_31_maa2_raw_collection.jsonl,bc702c1484a558ccfbd164e256ad813c
data/restaurants_2026_08_31_mys2_raw_collection.jsonl,10f1dcbcf38b12e2097e680146bcf651
data/restaurants_2026_08_31_vns_raw_collection.jsonl,ae1589715134fb07f92579e8d963e3d9
data/reference/dictionary.csv,39ddd71712b67ca43e8c3a97f47fafb4
data/reference/normalization.csv,fcbe726139c5a930e4d083e027f01c3a
data/reference/screening_sample.csv,1705f05f16ab26340d880b2e562807d5
data/adjudication_2026_08_30.jsonl,49a5b3e5052f46ff9c35bc70f46677b3
data/match_exclusions.csv,53194f9f28cc5892a733a5266f2192c5
data/historical/eating_houses_1918_1928.csv,15549b3110effddcefd241255bb4a9cf
../last-name-basis/out/tab/per_name_secc_weighted.parquet,6f52d1f453dc58ff889156f9a5254315
data/sampling/bangalore_segments_n400_seed42.csv,33884e49addb6ebaa301928a82e9ef1d
data/sampling/chennai_segments_n400_seed42.csv,4945d89cd01dedde2fda23f77a0ba322
data/sampling/delhi_segments_n400_seed42.csv,d8c10d1d9eed7d4f6f476bf402880d9f
data/sampling/jaipur_segments_n400_seed42.csv,8f197ade36bd3287a934894e9b48e89f
data/sampling/kolkata_segments_n400_seed42.csv,f9a843e356c2f206365a5e5b10ef339b
data/sampling/lucknow_segments_n400_seed42.csv,52799e0a9c7f95ac160f1a91ca03eba1
data/sampling/mysore_segments_n400_seed42.csv,25e15a34e8bd08f3bfeb7323f1779688
data/sampling/varanasi_segments_n400_seed42.csv,0b3d72631fdffd86abb7c45e48ee8242
data/restaurants_2026_08_31_blr2_meta.json,25ea6fbd35bd4cdd5840ad0cd0ad42a2
data/restaurants_2026_08_31_del_meta.json,57e29f0ba81cfb4db6c932acf2c3e3f9
data/restaurants_2026_08_31_jai_meta.json,477e8c3a0c0040d825ba3cf4425aad42
data/restaurants_2026_08_31_kol_meta.json,a216785b675f63617194f69345cd05bd
data/restaurants_2026_08_31_lko_meta.json,10c469aef9fe4e71d77342a96760297d
data/restaurants_2026_08_31_maa2_meta.json,23236ad9eed3ed3660be893cfe268a7c
data/restaurants_2026_08_31_mys2_meta.json,056a52e4a55f74c2626d4f5ff5de2e09
data/restaurants_2026_08_31_vns_meta.json,1e498aaffb5ca3618bcdc5cee57c9d34
