group,n,confirmed,unresolved,p,identification_upper,archived_p,archived_n,error,region_id,archived_weighted,estimator,expected
merchant_community,7770,10,0,0.001287001287001287,0.001287001287001287,0.001287,7770,1.287001287009551e-9,blr,,,
regional,7770,287,0,0.036936936936936934,0.036936936936936934,0.036937,7770,6.306306306325116e-8,blr,,,
surname_title,7770,87,0,0.011196911196911196,0.011196911196911196,0.011197,7770,8.880308880430954e-8,blr,,,
upper_caste,7770,31,0,0.00398970398970399,0.00398970398970399,0.00399,7770,2.960102960100283e-7,blr,,,
merchant_community,4962,23,0,0.004635227730753728,0.004635227730753728,0.004635,4962,2.2773075372770762e-7,maa,,,
regional,4962,109,0,0.02196694881096332,0.02196694881096332,0.021967,4962,5.118903667958308e-8,maa,,,
surname_title,4962,23,0,0.004635227730753728,0.004635227730753728,0.004635,4962,2.2773075372770762e-7,maa,,,
upper_caste,4962,7,0,0.0014107214832728737,0.0014107214832728737,0.001411,4962,2.785167271261886e-7,maa,,,
merchant_community,2175,5,0,0.0022988505747126436,0.0022988505747126436,0.002299,2175,1.4942528735618216e-7,mys,,,
regional,2175,98,0,0.045057471264367814,0.045057471264367814,0.045057,2175,4.712643678142503e-7,mys,,,
surname_title,2175,20,0,0.009195402298850575,0.009195402298850575,0.009195,2175,4.0229885057453674e-7,mys,,,
upper_caste,2175,14,0,0.006436781609195402,0.006436781609195402,0.006437,2175,2.1839080459763044e-7,mys,,,
any,3447,,,0.0501885697708152,,0.050189,3447,4.302291847987916e-7,blr2,0.050852,unweighted,0.050189
any,3447,,,0.050852324298933285,,0.050189,3447,3.2429893328383974e-7,blr2,0.050852,density_sensitivity,0.050852
merchant_community,3447,,,0.0020307513780098638,,0.002031,3447,2.48621990136047e-7,blr2,0.002232,unweighted,0.002031
merchant_community,3447,,,0.002232362418736317,,0.002031,3447,3.6241873631716673e-7,blr2,0.002232,density_sensitivity,0.002232
regional,3447,,,0.028140411952422395,,0.02814,3447,4.119524223966664e-7,blr2,0.029607,unweighted,0.02814
regional,3447,,,0.029606733336745333,,0.02814,3447,2.666632546687031e-7,blr2,0.029607,density_sensitivity,0.029607
surname_title,3447,,,0.018276762402088774,,0.018277,3447,2.375979112276272e-7,blr2,0.017675,unweighted,0.018277
surname_title,3447,,,0.017674911278271005,,0.018277,3447,8.872172899479502e-8,blr2,0.017675,density_sensitivity,0.017675
upper_caste,3447,,,0.0023208587177255585,,0.002321,3447,1.4128227444161132e-7,blr2,0.00182,unweighted,0.002321
upper_caste,3447,,,0.0018197202800620655,,0.002321,3447,2.7971993793451944e-7,blr2,0.00182,density_sensitivity,0.00182
any,4009,,,0.04440009977550512,,0.0444,4009,9.97755051149185e-8,del,0.041509,unweighted,0.0444
any,4009,,,0.041509346328319076,,0.0444,4009,3.463283190785482e-7,del,0.041509,density_sensitivity,0.041509
merchant_community,4009,,,0.014218009478672985,,0.014218,4009,9.478672985396841e-9,del,0.014718,unweighted,0.014218
merchant_community,4009,,,0.01471767165502057,,0.014218,4009,3.283449794295318e-7,del,0.014718,density_sensitivity,0.014718
regional,4009,,,0.014716887004240458,,0.014717,4009,1.1299575954082375e-7,del,0.012458,unweighted,0.014717
regional,4009,,,0.01245803136810325,,0.014717,4009,3.136810325030104e-8,del,0.012458,density_sensitivity,0.012458
surname_title,4009,,,0.015465203292591668,,0.015465,4009,2.032925916686107e-7,del,0.014334,unweighted,0.015465
surname_title,4009,,,0.014333643305195268,,0.015465,4009,3.5669480473107806e-7,del,0.014334,density_sensitivity,0.014334
any,1771,,,0.03670242800677583,,0.036702,1771,4.2800677583360036e-7,jai,0.032354,unweighted,0.036702
any,1771,,,0.03235362177076433,,0.036702,1771,3.782292356674377e-7,jai,0.032354,density_sensitivity,0.032354
merchant_community,1771,,,0.009599096555618294,,0.009599,1771,9.655561829420567e-8,jai,0.007719,unweighted,0.009599
merchant_community,1771,,,0.007718960591564464,,0.009599,1771,3.940843553654899e-8,jai,0.007719,density_sensitivity,0.007719
regional,1771,,,0.00564652738565782,,0.005647,1771,4.7261434218005133e-7,jai,0.003463,unweighted,0.005647
regional,1771,,,0.003462571643227167,,0.005647,1771,4.2835677283286494e-7,jai,0.003463,density_sensitivity,0.003463
surname_title,1771,,,0.021456804065499716,,0.021457,1771,1.9593450028415615e-7,jai,0.021172,unweighted,0.021457
surname_title,1771,,,0.0211720895359727,,0.021457,1771,8.953597269850677e-8,jai,0.021172,density_sensitivity,0.021172
any,3768,,,0.024150743099787687,,0.024151,3768,2.5690021231150606e-7,kol,0.028096,unweighted,0.024151
any,3768,,,0.028095663532536258,,0.024151,3768,3.3646746374141334e-7,kol,0.028096,density_sensitivity,0.028096
merchant_community,3768,,,0.009288747346072187,,0.009289,3768,2.5265392781387286e-7,kol,0.011082,unweighted,0.009289
merchant_community,3768,,,0.011081750164201187,,0.009289,3768,2.4983579881288076e-7,kol,0.011082,density_sensitivity,0.011082
regional,3768,,,0.004777070063694267,,0.004777,3768,7.006369426732634e-8,kol,0.005705,unweighted,0.004777
regional,3768,,,0.005704615686843053,,0.004777,3768,3.8431315694739676e-7,kol,0.005705,density_sensitivity,0.005705
surname_title,3768,,,0.010350318471337579,,0.01035,3768,3.184713375792292e-7,kol,0.011503,unweighted,0.01035
surname_title,3768,,,0.011503131051546111,,0.01035,3768,1.3105154611156578e-7,kol,0.011503,density_sensitivity,0.011503
any,1855,,,0.05444743935309973,,0.054447,1855,4.393530997279238e-7,lko,0.050325,unweighted,0.054447
any,1855,,,0.05032486730506251,,0.054447,1855,1.326949374894082e-7,lko,0.050325,density_sensitivity,0.050325
merchant_community,1855,,,0.018867924528301886,,0.018868,1855,7.547169811328303e-8,lko,0.017136,unweighted,0.018868
merchant_community,1855,,,0.01713580124835677,,0.018868,1855,1.987516432301606e-7,lko,0.017136,density_sensitivity,0.017136
regional,1855,,,0.003234501347708895,,0.003235,1855,4.986522911050624e-7,lko,0.00283,unweighted,0.003235
regional,1855,,,0.0028296521030604428,,0.003235,1855,3.47896939557283e-7,lko,0.00283,density_sensitivity,0.00283
surname_title,1855,,,0.03234501347708895,,0.032345,1855,1.3477088951774352e-8,lko,0.030359,unweighted,0.032345
surname_title,1855,,,0.03035941395364532,,0.032345,1855,4.139536453201531e-7,lko,0.030359,density_sensitivity,0.030359
any,5025,,,0.03044776119402985,,0.030448,5025,2.388059701478873e-7,maa2,0.030034,unweighted,0.030448
any,5025,,,0.030034488555101612,,0.030448,5025,4.885551016103884e-7,maa2,0.030034,density_sensitivity,0.030034
merchant_community,5025,,,0.001791044776119403,,0.001791,5025,4.477611940294571e-8,maa2,0.001778,unweighted,0.001791
merchant_community,5025,,,0.0017778735544043867,,0.001791,5025,1.2644559561339128e-7,maa2,0.001778,density_sensitivity,0.001778
regional,5025,,,0.024875621890547265,,0.024876,5025,3.7810945273386576e-7,maa2,0.024604,unweighted,0.024876
regional,5025,,,0.024603965804401287,,0.024876,5025,3.419559871375988e-8,maa2,0.024604,density_sensitivity,0.024604
surname_title,5025,,,0.004378109452736319,,0.004378,5025,1.094527363187936e-7,maa2,0.004279,unweighted,0.004378
surname_title,5025,,,0.004279451549691837,,0.004378,5025,4.5154969183745786e-7,maa2,0.004279,density_sensitivity,0.004279
upper_caste,5025,,,3.980099502487562e-4,,3.98e-4,5025,9.95024875618004e-9,maa2,3.03e-4,unweighted,3.98e-4
upper_caste,5025,,,3.033016229692193e-4,,3.98e-4,5025,3.016229692193108e-7,maa2,3.03e-4,density_sensitivity,3.03e-4
any,904,,,0.07632743362831858,,0.076327,904,4.336283185718548e-7,mys2,0.06435,unweighted,0.076327
any,904,,,0.06434995406836805,,0.076327,904,4.593163195620864e-8,mys2,0.06435,density_sensitivity,0.06435
merchant_community,904,,,0.0011061946902654867,,0.001106,904,1.9469026548671504e-7,mys2,4.29e-4,unweighted,0.001106
merchant_community,904,,,4.293471526587284e-4,,0.001106,904,3.47152658728366e-7,mys2,4.29e-4,density_sensitivity,4.29e-4
regional,904,,,0.061946902654867256,,0.061947,904,9.734513274628487e-8,mys2,0.047921,unweighted,0.061947
regional,904,,,0.047920848725837226,,0.061947,904,1.5127416277266326e-7,mys2,0.047921,density_sensitivity,0.047921
surname_title,904,,,0.007743362831858407,,0.007743,904,3.628318584070894e-7,mys2,0.00642,unweighted,0.007743
surname_title,904,,,0.006419876408306032,,0.007743,904,1.2359169396843755e-7,mys2,0.00642,density_sensitivity,0.00642
upper_caste,904,,,0.007743362831858407,,0.007743,904,3.628318584070894e-7,mys2,0.010666,unweighted,0.007743
upper_caste,904,,,0.010665877520644039,,0.007743,904,1.2247935596114423e-7,mys2,0.010666,density_sensitivity,0.010666
any,940,,,0.04148936170212766,,0.041489,940,3.6170212765890275e-7,vns,0.049545,unweighted,0.041489
any,940,,,0.04954478264580859,,0.041489,940,2.1735419140911372e-7,vns,0.049545,density_sensitivity,0.049545
merchant_community,940,,,0.013829787234042552,,0.01383,940,2.1276595744794402e-7,vns,0.017278,unweighted,0.01383
merchant_community,940,,,0.017277894691963048,,0.01383,940,1.0530803695382729e-7,vns,0.017278,density_sensitivity,0.017278
regional,940,,,0.0010638297872340426,,0.001064,940,1.7021276595748785e-7,vns,6.33e-4,unweighted,0.001064
regional,940,,,6.325992677742914e-4,,0.001064,940,4.007322257085699e-7,vns,6.33e-4,density_sensitivity,6.33e-4
surname_title,940,,,0.02553191489361702,,0.025532,940,8.510638297917761e-8,vns,0.03124,unweighted,0.025532
surname_title,940,,,0.031240060156878576,,0.025532,940,6.015687857574559e-8,vns,0.03124,density_sensitivity,0.03124
upper_caste,940,,,0.0010638297872340426,,0.001064,940,1.7021276595748785e-7,vns,3.94e-4,unweighted,0.001064
upper_caste,940,,,3.9422852919267443e-4,,0.001064,940,2.285291926744479e-7,vns,3.94e-4,density_sensitivity,3.94e-4
