entity_id,term,variant,label,group,name,name_normalized,adjudication_name,item_id,genuine,excluded,unresolved,confirmed,region_id
blr:places:ChIJkd6xEqY_rjsR15SyIRWNd9U,andhra,andhra,Other languages,regional,ರಾಯಲ್ ಆಂಧ್ರ ಸ್ಪೈಸ್,rayal andhra spais,rayal amdhra speೖs,A:rayal amdhra speೖs:Other languages,,FALSE,TRUE,FALSE,blr
blr:places:ChIJ36xaLwYVrjsR-qS0PJjB9NQ,andhra,andhra,Other languages,regional,ನವಮಿ ಆಂಧ್ರ ಶೈಲಿ ಬಹು ತಿನಿಸು,navami andhra saili bahu tinisu,navami amdhra seೖli bahu tinisu,A:navami amdhra seೖli bahu tinisu:Other languages,,FALSE,TRUE,FALSE,blr
blr:places:ChIJdQZ7srcVrjsRf6BZR5fliDw,pandey,pandey,UP/Bihar Brahmin surnames (Mishra/Tiwari/Pandey/...),surname_title,PRASHANT PANDEY,prashant pandey,prashant pandey,A:prashant pandey:UP/Bihar Brahmin surnames (Mishra/Tiwari/Pandey/...),,FALSE,TRUE,FALSE,blr
blr:places:ChIJbTH2NQBtrjsRSfgN0XyOGcM,pandit,pandit,UP/Bihar Brahmin surnames (Mishra/Tiwari/Pandey/...),surname_title,"Pandit ji sweets and namkeen, E city","pandit ji sweets and namkeen, e city","pandit ji sweets and namkeen, e city","A:pandit ji sweets and namkeen, e city:UP/Bihar Brahmin surnames (Mishra/Tiwari/Pandey/...)",,FALSE,TRUE,FALSE,blr
blr:osm:osm_10728008692,pandit,panditji,UP/Bihar Brahmin surnames (Mishra/Tiwari/Pandey/...),surname_title,Panditji - Ras Bana Rahe,panditji - ras bana rahe,panditji - ras bana rahe,A:panditji - ras bana rahe:UP/Bihar Brahmin surnames (Mishra/Tiwari/Pandey/...),,FALSE,TRUE,FALSE,blr
maa:places:ChIJ2WOvTKRdUjoRbmaukS_CPgo,tamil,tamil,Other languages,regional,Tamizh suvai தமிழ் சுவை,tamizh suvai tamil cuvai,tamizh suvai dhamil jhuvai,A:tamizh suvai dhamil jhuvai:Other languages,,FALSE,TRUE,FALSE,maa
maa:places:ChIJ615Ba3xcUjoRxkurEiLtnmA,andhra,andhra,Other languages,regional,ಶ್ರೀನಿವಾಸ ಆಂಧ್ರ ಮೆಸ್,srinivasa andhra mes,srinivasa amdhra mes,A:srinivasa amdhra mes:Other languages,,FALSE,TRUE,FALSE,maa
maa:places:ChIJVSUEEglfUjoRusbgzppm8H4,andhra,andhra,Other languages,regional,ಶ್ರೀ ಅನ್ನಪೂರ್ಣ ಆಂಧ್ರ ಮೆಸ್ & ಕ್ಯಾಟರಿಂಗ್ ಸರ್ವಿಸಸ್,sri annapurna andhra mes & kyataring sarvisas,sri annapurna amdhra mes & kyatarimg sarvisas,A:sri annapurna amdhra mes & kyatarimg sarvisas:Other languages,,FALSE,TRUE,FALSE,maa
maa:places:ChIJ-8qNVS5hUjoRw7cod6Jvww0,andhra,andhra,Other languages,regional,ನ್ಯೂ ಆಂಧ್ರ ಮೀಲ್ಸ್ ಹೋಟೆಲ್,n'yu andhra mils hotel,nyu amdhra mils hotel,A:nyu amdhra mils hotel:Other languages,,FALSE,TRUE,FALSE,maa
maa:places:ChIJVVVVVVZmUjoRG6hlaQMNZZc,andhra,andhra,Other languages,regional,ನ್ಯೂ ಆಂಧ್ರ ಮೀಲ್ಸ್ ಹೋಟೆಲ್,n'yu andhra mils hotel,nyu amdhra mils hotel,A:nyu amdhra mils hotel:Other languages,,FALSE,TRUE,FALSE,maa
maa:places:ChIJoT2PeTL1UjoRPVQ6lS4cP4I,pandian,pandiyan,Tamil caste surnames (Pillai/Mudaliar/Nadar/Gounder/Thevar/Naicker/Pandian),surname_title,ಪಾಂಡಿಯನ್ ಎಲೈಟ್ ಸುಗುಣ ಚಿಕನ್ ಹೋಲ್ ಸಲೆ ಶಾಪ್,pandiyan elait suguna cikan hol sale sap,pamdiyan elait suguna cikan hol sale sap,A:pamdiyan elait suguna cikan hol sale sap:Tamil caste surnames (Pillai/Mudaliar/Nadar/Gounder/Thevar/Naicker/Pandian),,FALSE,TRUE,FALSE,maa
maa:places:ChIJiRR_Fh5fUjoRpXMSrWYO2Fg,pandian,pandiyan,Tamil caste surnames (Pillai/Mudaliar/Nadar/Gounder/Thevar/Naicker/Pandian),surname_title,ಆರ್.ಕೆ. ಪಾಂಡಿಯನ್ ವಿಲಾಸ್ ಹೋಟೆಲ್,ar.ke. pandiyan vilas hotel,ar.ke. pamdiyan vilas hotel,A:ar.ke. pamdiyan vilas hotel:Tamil caste surnames (Pillai/Mudaliar/Nadar/Gounder/Thevar/Naicker/Pandian),,FALSE,TRUE,FALSE,maa
maa:places:ChIJa6Zqjr9dUjoR3DaTdK7ylWM,pandian,pandiyan,Tamil caste surnames (Pillai/Mudaliar/Nadar/Gounder/Thevar/Naicker/Pandian),surname_title,ದಿ ನ್ಯೂ ಪಾಂಡಿಯನ್ ಬ್ರಿನಾ ಪಾಯಿಂಟ್,di n'yu pandiyan brina payint,di nyu pamdiyan brina payimt,A:di nyu pamdiyan brina payimt:Tamil caste surnames (Pillai/Mudaliar/Nadar/Gounder/Thevar/Naicker/Pandian),,FALSE,TRUE,FALSE,maa
maa:places:ChIJ3x3A2NX0UjoRXJEhlqmlVIQ,pandian,pandiyan,Tamil caste surnames (Pillai/Mudaliar/Nadar/Gounder/Thevar/Naicker/Pandian),surname_title,ಹೋಟೆಲ್ ಪಾಂಡಿಯನ್,hotel pandiyan,hotel pamdiyan,A:hotel pamdiyan:Tamil caste surnames (Pillai/Mudaliar/Nadar/Gounder/Thevar/Naicker/Pandian),,FALSE,TRUE,FALSE,maa
maa:places:ChIJ-bXG0JpdUjoR2LKLiO9IY4g,pandian,pandiyan,Tamil caste surnames (Pillai/Mudaliar/Nadar/Gounder/Thevar/Naicker/Pandian),surname_title,ಪಾಂಡಿಯನ್ ಹೋಟೆಲ್,pandiyan hotel,pamdiyan hotel,A:pamdiyan hotel:Tamil caste surnames (Pillai/Mudaliar/Nadar/Gounder/Thevar/Naicker/Pandian),,FALSE,TRUE,FALSE,maa
maa:places:ChIJ_YQ9qLCKUjoRNTfAXJos9Ps,pandian,pandiyan,Tamil caste surnames (Pillai/Mudaliar/Nadar/Gounder/Thevar/Naicker/Pandian),surname_title,ಹೋಟೆಲ್ ಪಶುಂಪಾನ್ ಪಾಂಡಿಯನ್,hotel pasumpan pandiyan,hotel pasumpan pamdiyan,A:hotel pasumpan pamdiyan:Tamil caste surnames (Pillai/Mudaliar/Nadar/Gounder/Thevar/Naicker/Pandian),,FALSE,TRUE,FALSE,maa
maa:places:ChIJf0kAQ8-LUjoRGlzvYts1FYI,pandian,pandiyan,Tamil caste surnames (Pillai/Mudaliar/Nadar/Gounder/Thevar/Naicker/Pandian),surname_title,ಪಾಂಡಿಯನ್ ಹೋಟೆಲ್,pandiyan hotel,pamdiyan hotel,A:pamdiyan hotel:Tamil caste surnames (Pillai/Mudaliar/Nadar/Gounder/Thevar/Naicker/Pandian),,FALSE,TRUE,FALSE,maa
maa:places:ChIJJwqx9rBhUjoRjoUNrSjBzKc,pandian,pandiyan,Tamil caste surnames (Pillai/Mudaliar/Nadar/Gounder/Thevar/Naicker/Pandian),surname_title,ಹೋಟೆಲ್ ಪಾಂಡಿಯನ್,hotel pandiyan,hotel pamdiyan,A:hotel pamdiyan:Tamil caste surnames (Pillai/Mudaliar/Nadar/Gounder/Thevar/Naicker/Pandian),,FALSE,TRUE,FALSE,maa
maa:places:ChIJvxPIdABfUjoRjv9UbGheD1g,dubey,dubey,UP/Bihar Brahmin surnames (Mishra/Tiwari/Pandey/...),surname_title,Dubey's Veg Food Corner,dubey's veg food corner,dubey's veg food corner,A:dubey's veg food corner:UP/Bihar Brahmin surnames (Mishra/Tiwari/Pandey/...),,FALSE,TRUE,FALSE,maa
maa2:places:ChIJ2WOvTKRdUjoRbmaukS_CPgo,tamil,tamil,Other languages,regional,Tamizh suvai தமிழ் சுவை,tamizh suvai tamil cuvai,tamizh suvai dhamil jhuvai,A:tamizh suvai dhamil jhuvai:Other languages,,FALSE,TRUE,FALSE,maa2
