group,n,confirmed,unresolved,p,identification_upper,specification,region_id
any,7769,415,5,0.05341742824044279,0.054061011713219205,adjudicated,blr
merchant_community,7769,10,0,0.0012871669455528382,0.0012871669455528382,adjudicated,blr
regional,7769,287,2,0.03694169133736646,0.037199124726477024,adjudicated,blr
surname_title,7769,88,3,0.011327069120864976,0.011713219204530828,adjudicated,blr
upper_caste,7769,31,0,0.0039902175312137985,0.0039902175312137985,adjudicated,blr
any,7769,415,5,0.05341742824044279,0.054061011713219205,exclude_own_city,blr
merchant_community,7769,10,0,0.0012871669455528382,0.0012871669455528382,exclude_own_city,blr
regional,7769,287,2,0.03694169133736646,0.037199124726477024,exclude_own_city,blr
surname_title,7769,88,3,0.011327069120864976,0.011713219204530828,exclude_own_city,blr
upper_caste,7769,31,0,0.0039902175312137985,0.0039902175312137985,exclude_own_city,blr
any,7769,426,5,0.054833311880550906,0.055476895353327324,dictionary_without_regional_veto,blr
merchant_community,7769,10,0,0.0012871669455528382,0.0012871669455528382,dictionary_without_regional_veto,blr
regional,7769,298,2,0.03835757497747458,0.038615008366585143,dictionary_without_regional_veto,blr
surname_title,7769,88,3,0.011327069120864976,0.011713219204530828,dictionary_without_regional_veto,blr
upper_caste,7769,31,0,0.0039902175312137985,0.0039902175312137985,dictionary_without_regional_veto,blr
any,4961,159,14,0.032049989921386815,0.034872001612578106,adjudicated,maa
merchant_community,4961,23,0,0.00463616206409998,0.00463616206409998,adjudicated,maa
regional,4961,109,5,0.021971376738560772,0.02297923805684338,adjudicated,maa
surname_title,4961,23,9,0.00463616206409998,0.006450312437008668,adjudicated,maa
upper_caste,4961,7,0,0.0014110058455956461,0.0014110058455956461,adjudicated,maa
any,4961,159,14,0.032049989921386815,0.034872001612578106,exclude_own_city,maa
merchant_community,4961,23,0,0.00463616206409998,0.00463616206409998,exclude_own_city,maa
regional,4961,109,5,0.021971376738560772,0.02297923805684338,exclude_own_city,maa
surname_title,4961,23,9,0.00463616206409998,0.006450312437008668,exclude_own_city,maa
upper_caste,4961,7,0,0.0014110058455956461,0.0014110058455956461,exclude_own_city,maa
any,4961,163,14,0.0328562789760129,0.035678290667204196,dictionary_without_regional_veto,maa
merchant_community,4961,23,0,0.00463616206409998,0.00463616206409998,dictionary_without_regional_veto,maa
regional,4961,113,5,0.02277766579318686,0.023785527111469463,dictionary_without_regional_veto,maa
surname_title,4961,23,9,0.00463616206409998,0.006450312437008668,dictionary_without_regional_veto,maa
upper_caste,4961,7,0,0.0014110058455956461,0.0014110058455956461,dictionary_without_regional_veto,maa
any,2175,134,0,0.06160919540229885,0.06160919540229885,adjudicated,mys
merchant_community,2175,5,0,0.0022988505747126436,0.0022988505747126436,adjudicated,mys
regional,2175,98,0,0.045057471264367814,0.045057471264367814,adjudicated,mys
surname_title,2175,20,0,0.009195402298850575,0.009195402298850575,adjudicated,mys
upper_caste,2175,14,0,0.006436781609195402,0.006436781609195402,adjudicated,mys
any,2175,85,0,0.03908045977011494,0.03908045977011494,exclude_own_city,mys
merchant_community,2175,5,0,0.0022988505747126436,0.0022988505747126436,exclude_own_city,mys
regional,2175,47,0,0.02160919540229885,0.02160919540229885,exclude_own_city,mys
surname_title,2175,20,0,0.009195402298850575,0.009195402298850575,exclude_own_city,mys
upper_caste,2175,14,0,0.006436781609195402,0.006436781609195402,exclude_own_city,mys
any,2175,180,0,0.08275862068965517,0.08275862068965517,dictionary_without_regional_veto,mys
merchant_community,2175,5,0,0.0022988505747126436,0.0022988505747126436,dictionary_without_regional_veto,mys
regional,2175,145,0,0.06666666666666667,0.06666666666666667,dictionary_without_regional_veto,mys
surname_title,2175,20,0,0.009195402298850575,0.009195402298850575,dictionary_without_regional_veto,mys
upper_caste,2175,14,0,0.006436781609195402,0.006436781609195402,dictionary_without_regional_veto,mys
any,3447,173,0,0.0501885697708152,0.0501885697708152,adjudicated,blr2
merchant_community,3447,7,0,0.0020307513780098638,0.0020307513780098638,adjudicated,blr2
regional,3447,97,0,0.028140411952422395,0.028140411952422395,adjudicated,blr2
surname_title,3447,63,0,0.018276762402088774,0.018276762402088774,adjudicated,blr2
upper_caste,3447,8,0,0.0023208587177255585,0.0023208587177255585,adjudicated,blr2
any,3447,173,0,0.0501885697708152,0.0501885697708152,exclude_own_city,blr2
merchant_community,3447,7,0,0.0020307513780098638,0.0020307513780098638,exclude_own_city,blr2
regional,3447,97,0,0.028140411952422395,0.028140411952422395,exclude_own_city,blr2
surname_title,3447,63,0,0.018276762402088774,0.018276762402088774,exclude_own_city,blr2
upper_caste,3447,8,0,0.0023208587177255585,0.0023208587177255585,exclude_own_city,blr2
any,3447,176,0,0.051058891789962285,0.051058891789962285,dictionary_without_regional_veto,blr2
merchant_community,3447,7,0,0.0020307513780098638,0.0020307513780098638,dictionary_without_regional_veto,blr2
regional,3447,100,0,0.02901073397156948,0.02901073397156948,dictionary_without_regional_veto,blr2
surname_title,3447,63,0,0.018276762402088774,0.018276762402088774,dictionary_without_regional_veto,blr2
upper_caste,3447,8,0,0.0023208587177255585,0.0023208587177255585,dictionary_without_regional_veto,blr2
any,4009,178,0,0.04440009977550512,0.04440009977550512,adjudicated,del
merchant_community,4009,57,0,0.014218009478672985,0.014218009478672985,adjudicated,del
regional,4009,59,0,0.014716887004240458,0.014716887004240458,adjudicated,del
surname_title,4009,62,0,0.015465203292591668,0.015465203292591668,adjudicated,del
upper_caste,4009,0,0,0,0,adjudicated,del
any,4009,178,0,0.04440009977550512,0.04440009977550512,exclude_own_city,del
merchant_community,4009,57,0,0.014218009478672985,0.014218009478672985,exclude_own_city,del
regional,4009,59,0,0.014716887004240458,0.014716887004240458,exclude_own_city,del
surname_title,4009,62,0,0.015465203292591668,0.015465203292591668,exclude_own_city,del
upper_caste,4009,0,0,0,0,exclude_own_city,del
any,4009,179,0,0.044649538538288853,0.044649538538288853,dictionary_without_regional_veto,del
merchant_community,4009,57,0,0.014218009478672985,0.014218009478672985,dictionary_without_regional_veto,del
regional,4009,60,0,0.014966325767024195,0.014966325767024195,dictionary_without_regional_veto,del
surname_title,4009,62,0,0.015465203292591668,0.015465203292591668,dictionary_without_regional_veto,del
upper_caste,4009,0,0,0,0,dictionary_without_regional_veto,del
any,1771,65,0,0.03670242800677583,0.03670242800677583,adjudicated,jai
merchant_community,1771,17,0,0.009599096555618294,0.009599096555618294,adjudicated,jai
regional,1771,10,0,0.00564652738565782,0.00564652738565782,adjudicated,jai
surname_title,1771,38,0,0.021456804065499716,0.021456804065499716,adjudicated,jai
upper_caste,1771,0,0,0,0,adjudicated,jai
any,1771,65,0,0.03670242800677583,0.03670242800677583,exclude_own_city,jai
merchant_community,1771,17,0,0.009599096555618294,0.009599096555618294,exclude_own_city,jai
regional,1771,10,0,0.00564652738565782,0.00564652738565782,exclude_own_city,jai
surname_title,1771,38,0,0.021456804065499716,0.021456804065499716,exclude_own_city,jai
upper_caste,1771,0,0,0,0,exclude_own_city,jai
any,1771,65,0,0.03670242800677583,0.03670242800677583,dictionary_without_regional_veto,jai
merchant_community,1771,17,0,0.009599096555618294,0.009599096555618294,dictionary_without_regional_veto,jai
regional,1771,10,0,0.00564652738565782,0.00564652738565782,dictionary_without_regional_veto,jai
surname_title,1771,38,0,0.021456804065499716,0.021456804065499716,dictionary_without_regional_veto,jai
upper_caste,1771,0,0,0,0,dictionary_without_regional_veto,jai
any,3768,91,0,0.024150743099787687,0.024150743099787687,adjudicated,kol
merchant_community,3768,35,0,0.009288747346072187,0.009288747346072187,adjudicated,kol
regional,3768,18,0,0.004777070063694267,0.004777070063694267,adjudicated,kol
surname_title,3768,39,0,0.010350318471337579,0.010350318471337579,adjudicated,kol
upper_caste,3768,0,0,0,0,adjudicated,kol
any,3768,91,0,0.024150743099787687,0.024150743099787687,exclude_own_city,kol
merchant_community,3768,35,0,0.009288747346072187,0.009288747346072187,exclude_own_city,kol
regional,3768,18,0,0.004777070063694267,0.004777070063694267,exclude_own_city,kol
surname_title,3768,39,0,0.010350318471337579,0.010350318471337579,exclude_own_city,kol
upper_caste,3768,0,0,0,0,exclude_own_city,kol
any,3768,91,0,0.024150743099787687,0.024150743099787687,dictionary_without_regional_veto,kol
merchant_community,3768,35,0,0.009288747346072187,0.009288747346072187,dictionary_without_regional_veto,kol
regional,3768,18,0,0.004777070063694267,0.004777070063694267,dictionary_without_regional_veto,kol
surname_title,3768,39,0,0.010350318471337579,0.010350318471337579,dictionary_without_regional_veto,kol
upper_caste,3768,0,0,0,0,dictionary_without_regional_veto,kol
any,1855,101,0,0.05444743935309973,0.05444743935309973,adjudicated,lko
merchant_community,1855,35,0,0.018867924528301886,0.018867924528301886,adjudicated,lko
regional,1855,6,0,0.003234501347708895,0.003234501347708895,adjudicated,lko
surname_title,1855,60,0,0.03234501347708895,0.03234501347708895,adjudicated,lko
upper_caste,1855,0,0,0,0,adjudicated,lko
any,1855,101,0,0.05444743935309973,0.05444743935309973,exclude_own_city,lko
merchant_community,1855,35,0,0.018867924528301886,0.018867924528301886,exclude_own_city,lko
regional,1855,6,0,0.003234501347708895,0.003234501347708895,exclude_own_city,lko
surname_title,1855,60,0,0.03234501347708895,0.03234501347708895,exclude_own_city,lko
upper_caste,1855,0,0,0,0,exclude_own_city,lko
any,1855,101,0,0.05444743935309973,0.05444743935309973,dictionary_without_regional_veto,lko
merchant_community,1855,35,0,0.018867924528301886,0.018867924528301886,dictionary_without_regional_veto,lko
regional,1855,6,0,0.003234501347708895,0.003234501347708895,dictionary_without_regional_veto,lko
surname_title,1855,60,0,0.03234501347708895,0.03234501347708895,dictionary_without_regional_veto,lko
upper_caste,1855,0,0,0,0,dictionary_without_regional_veto,lko
any,5025,153,1,0.03044776119402985,0.030646766169154228,adjudicated,maa2
merchant_community,5025,9,0,0.001791044776119403,0.001791044776119403,adjudicated,maa2
regional,5025,125,1,0.024875621890547265,0.02507462686567164,adjudicated,maa2
surname_title,5025,22,0,0.004378109452736319,0.004378109452736319,adjudicated,maa2
upper_caste,5025,2,0,3.980099502487562e-4,3.980099502487562e-4,adjudicated,maa2
any,5025,153,1,0.03044776119402985,0.030646766169154228,exclude_own_city,maa2
merchant_community,5025,9,0,0.001791044776119403,0.001791044776119403,exclude_own_city,maa2
regional,5025,125,1,0.024875621890547265,0.02507462686567164,exclude_own_city,maa2
surname_title,5025,22,0,0.004378109452736319,0.004378109452736319,exclude_own_city,maa2
upper_caste,5025,2,0,3.980099502487562e-4,3.980099502487562e-4,exclude_own_city,maa2
any,5025,155,1,0.030845771144278607,0.031044776119402984,dictionary_without_regional_veto,maa2
merchant_community,5025,9,0,0.001791044776119403,0.001791044776119403,dictionary_without_regional_veto,maa2
regional,5025,127,1,0.02527363184079602,0.025472636815920397,dictionary_without_regional_veto,maa2
surname_title,5025,22,0,0.004378109452736319,0.004378109452736319,dictionary_without_regional_veto,maa2
upper_caste,5025,2,0,3.980099502487562e-4,3.980099502487562e-4,dictionary_without_regional_veto,maa2
any,904,69,0,0.07632743362831858,0.07632743362831858,adjudicated,mys2
merchant_community,904,1,0,0.0011061946902654867,0.0011061946902654867,adjudicated,mys2
regional,904,56,0,0.061946902654867256,0.061946902654867256,adjudicated,mys2
surname_title,904,7,0,0.007743362831858407,0.007743362831858407,adjudicated,mys2
upper_caste,904,7,0,0.007743362831858407,0.007743362831858407,adjudicated,mys2
any,904,33,0,0.03650442477876106,0.03650442477876106,exclude_own_city,mys2
merchant_community,904,1,0,0.0011061946902654867,0.0011061946902654867,exclude_own_city,mys2
regional,904,18,0,0.01991150442477876,0.01991150442477876,exclude_own_city,mys2
surname_title,904,7,0,0.007743362831858407,0.007743362831858407,exclude_own_city,mys2
upper_caste,904,7,0,0.007743362831858407,0.007743362831858407,exclude_own_city,mys2
any,904,79,0,0.08738938053097345,0.08738938053097345,dictionary_without_regional_veto,mys2
merchant_community,904,1,0,0.0011061946902654867,0.0011061946902654867,dictionary_without_regional_veto,mys2
regional,904,66,0,0.07300884955752213,0.07300884955752213,dictionary_without_regional_veto,mys2
surname_title,904,7,0,0.007743362831858407,0.007743362831858407,dictionary_without_regional_veto,mys2
upper_caste,904,7,0,0.007743362831858407,0.007743362831858407,dictionary_without_regional_veto,mys2
any,940,39,0,0.04148936170212766,0.04148936170212766,adjudicated,vns
merchant_community,940,13,0,0.013829787234042552,0.013829787234042552,adjudicated,vns
regional,940,1,0,0.0010638297872340426,0.0010638297872340426,adjudicated,vns
surname_title,940,24,0,0.02553191489361702,0.02553191489361702,adjudicated,vns
upper_caste,940,1,0,0.0010638297872340426,0.0010638297872340426,adjudicated,vns
any,940,39,0,0.04148936170212766,0.04148936170212766,exclude_own_city,vns
merchant_community,940,13,0,0.013829787234042552,0.013829787234042552,exclude_own_city,vns
regional,940,1,0,0.0010638297872340426,0.0010638297872340426,exclude_own_city,vns
surname_title,940,24,0,0.02553191489361702,0.02553191489361702,exclude_own_city,vns
upper_caste,940,1,0,0.0010638297872340426,0.0010638297872340426,exclude_own_city,vns
any,940,39,0,0.04148936170212766,0.04148936170212766,dictionary_without_regional_veto,vns
merchant_community,940,13,0,0.013829787234042552,0.013829787234042552,dictionary_without_regional_veto,vns
regional,940,1,0,0.0010638297872340426,0.0010638297872340426,dictionary_without_regional_veto,vns
surname_title,940,24,0,0.02553191489361702,0.02553191489361702,dictionary_without_regional_veto,vns
upper_caste,940,1,0,0.0010638297872340426,0.0010638297872340426,dictionary_without_regional_veto,vns
