region_id,entity_id,name,term
jai,jai:places:ChIJrRltEQBJbDkR8_geU-KSYBo,Asp meena,meena
jai,jai:places:ChIJhQn5YgC1bTkRQu87hLgIXEk,Satish meena,meena
jai,jai:places:ChIJB_7LEQC1bTkRPm0nrgIjiWk,Hitesh meena,meena
jai,jai:places:ChIJA0XWKyrJbTkRF7KErpC9XGg,Manish Meena,meena
jai,jai:places:ChIJc8JQwn_JbTkR-WWXeYAp95U,Dhanraj Meena,meena
jai,jai:places:ChIJgwv5qRm3bTkRf-9ExTUlWkc,Meena Tea Stall,meena
jai,jai:places:ChIJXXwrfwCtbTkRxk8lHjBiS3o,Pooja Meena,meena
jai,jai:places:ChIJpQTyUvtTbDkRO87545_XmRM,Meena Wains,meena
jai,jai:places:ChIJ5T5BqN21bTkRAHPYdE072xg,Meena golgappe puri,meena
jai,jai:places:ChIJ0yPppnvJbTkR-SSajyUR7AQ,tiffin centre Meena,meena
lko,lko:places:ChIJZYqXPWf_mzkRqiwwgy6yvv0,Meena Tiffin Service,meena
maa2,maa2:places:ChIJd_unRIxmUjoRPnp48_xBsKI,Meena Tiffin Centre,meena
del,del:places:ChIJBWqSYhsFDTkRr6N2LB-8xWE,Gautam Barman,barman
blr2,blr2:places:ChIJD7vooX4XrjsRb0HimiaYv2o,Malik Deenar,malik
kol,kol:places:ChIJgWmTbQB3AjoRcx_XiPhSwlo,Ishan Malik,malik
maa2,maa2:places:ChIJCb_sZgBnUjoRJspkjqbXag4,Malik biryani,malik
maa2,maa2:places:ChIJrXGAX_hnUjoRC9NKg2l-9qQ,Malik Hyderabadi Biryani,malik
maa2,maa2:places:ChIJ23DMktRnUjoRus2qOnPDrE0,Al-malik Malaysian street food,malik
kol,kol:places:ChIJBf-fXTZ3AjoR3tMQimwFwoQ,Sethi Hotel,sethi
del,del:places:ChIJi3LemQrhDDkRBaIEE0GJuyU,Cake By Karish (Birthday Cake/ Brownies / Cake Home Delivery in saket / malviya nagar ),saket
del,del:places:ChIJB99XSK0FDTkRfk-j-PzNbq4,Rishi Kumar,rishi
del,del:places:ChIJLW3OcM4FDTkRAAAAsOCfjRI,Rishi Aggarwal Sweets,rishi
jai,jai:places:ChIJOcL2NQDJbTkRnUzp7L0aIbg,Rishi,rishi
kol,kol:places:ChIJiasCSK53AjoR664edMx4a6k,Rishi's Kitchen,rishi
maa2,maa2:places:ChIJEwyFyPdnUjoRhma15h2aD2k,Rishi Andhra pg and hotel,rishi
blr2,blr2:places:ChIJ7b7o5RsXrjsRbr2nQHX5lCc,Sharief Bhai - Biryani & Mandi | Indiranagar,mandi
blr2,blr2:places:ChIJJfjrexcjrjsRDnFQHmrj_iA,S B S Banana MANDI,mandi
blr2,blr2:places:ChIJSzxTnTVrrjsRavDHvCdqovA,Sharief Bhai - Biryani & Mandi | Akshayanagar,mandi
blr2,blr2:places:ChIJA3j-wysVrjsRA_KDaT5ubRI,Sharief Bhai - Biryani & Mandi | JP Nagar,mandi
blr2,blr2:places:ChIJEUqV6xBtrjsRnLz9N6S-S1g,Sharief Bhai - Biryani & Mandi | Chandapura,mandi
del,del:places:ChIJgW3lIwAFDTkRF2NBOE5Srlk,Pipal Mandi Panipat,mandi
kol,kol:places:ChIJzXzYFwB3AjoRacsAra0u2SI,Panchtantra ki Mandi,mandi
maa2,maa2:places:ChIJCwnTCcNhUjoRW_MsoeX8mBw,Mandi House (Chennai-78),mandi
maa2,maa2:places:ChIJv8FDGZ5hUjoRqBsKAKbRYG0,Zaffa Mandi,mandi
maa2,maa2:places:ChIJAfGZDS5hUjoRRnMIYAECTU0,Bhagyalakshmi Mandi Delight,mandi
mys2,mys2:places:ChIJaT4ffsxxrzsRqgcr6v1KIwk,ABS Mandi House,mandi
mys2,mys2:places:ChIJZ1bCg0p7rzsRCJiq7tJo9zE,Bhatra Mane,bhatra
jai,jai:places:ChIJ98u2dna0bTkRoCmFYdOjF8c,Tamang Momo Food & Service,tamang
kol,kol:places:ChIJk2cF2lV5AjoRy_Co6Zjd6aY,Dolui Food Shop,dolui
kol,kol:places:ChIJGSpkhv93AjoR0znAqrU0Tx8,New Market Boro Bazar,boro
kol,kol:places:ChIJP0W-YQBxAjoRQAfTUIjrtC4,BORO MAYER ASHIRBAD,boro
del,del:places:ChIJuXbDzfz9DDkROK3xt2J9t7U,joy uikey,uikey
jai,jai:places:ChIJjzZUpyS0bTkRsXVh8baSQRM,Saroj Tiffin Center,saroj
lko,lko:places:ChIJw100ywb9mzkRwfwO_Tx3-Bo,Saroj Kumar,saroj
lko,lko:places:ChIJmS00_2dXmTkRjKTl1iS0j5s,SAROJ FOOD CORNER,saroj
maa2,maa2:places:ChIJX9GRrb1nUjoRJ8_kftGqL3w,Oram Juice & Snacks,oram
blr2,blr2:places:ChIJD6Pj1acZrjsR7_2cSa7OV2c,Bala's Homemade Food,bala
blr2,blr2:places:ChIJHSBhbgAVrjsRME6zw_Kl0vM,Parcel Bala,bala
blr2,blr2:places:ChIJKxcNwp0RrjsRPV4NM0-iRYI,Bala Murugan Delight Kitchen,bala
del,del:places:ChIJV6h6sk0DDTkRxUaVB5RSNts,Bala Meat Wala,bala
del,del:places:ChIJb2nUV5gEDTkR4PlVrygMkPQ,Shri Bala Ji Pav Bhaji,bala
del,del:places:ChIJT0dbYDGoDTkRY36OMxWBRBc,Bala Ji Masala,bala
del,del:places:ChIJm0dyKbypDTkRvz7VNbPoaAU,Shri New Bala Ji And Aggarwal Sweets,bala
del,del:places:ChIJXbl8HAAFDTkRHyUy8YTzHx0,Shree Bala ji dosa vaale - main dosa tu idli,bala
del,del:places:ChIJbeGjDwADDTkRZtr1hpdLhAA,BALA JI Restaurant,bala
del,del:places:ChIJax9wAABxDTkR-EZEpdJfKIk,भोला राम चीले बाला,bala
del,del:places:ChIJh8aEQn77DDkRwhTKveDhCCo,Bala Ji Dhaba,bala
kol,kol:places:ChIJ2WQJsuF3AjoR5lPpFRdOn54,BALA TEVAR'S South Indian Foods,bala
kol,kol:places:ChIJPxTRne93AjoRIUPetJv4uqE,Bala's Eating Hub,bala
lko,lko:places:ChIJmWvfcaj-mzkRdN-8dwri6s4,Bala Ji Ka dhaba,bala
lko,lko:places:ChIJ7R8Z6ErjmzkRhf3QtA22_7A,BALA JI TEA POINT,bala
lko,lko:places:ChIJJS8oAlVfmTkRQEYFj6TWQxg,BALA JI CHAAT CORNER,bala
lko,lko:places:ChIJ6Rdhxdr3mzkRJnoFHtx_cZ0,Bala ji tifin service,bala
lko,lko:places:ChIJGVtITAD_mzkR5HkCIsTdpoU,श्री बाला जी दूध डेयरी फास्ट फूड,bala
lko,lko:places:ChIJNQDS5E__mzkR3yDyo5DWGLo,Shri Bala Ji Sweet & Bakery,bala
maa2,maa2:places:ChIJyUuKjwpnUjoRDApwYboEsEU,Sri Bala Foods & Chats,bala
maa2,maa2:places:ChIJS6HBLHVlUjoRQo9Ur3YQgQs,BALA'S BIRIYANI,bala
vns,vns:places:ChIJn47N11YyjjkRZLJfaD7GquU,बाला जी फास्ट फूड रेस्टुरेन्ट,bala
vns,vns:places:ChIJH55HEQgzjjkRbgDze1EsVqw,Bala Ji Restaurant,bala
kol,kol:places:ChIJ4X4IoMJxAjoRMhoK57aWGpk,M/S MAMATA NASKAR,naskar
kol,kol:places:ChIJV_4Dap1xAjoRVTZP-kSziqM,Gouranga Naskar TEA STALL,naskar
del,del:places:ChIJg2KnAc0bDTkR5D7NtzmVEp0,Dhruv caterer’s And Restaurant,dhruv
blr2,blr2:places:ChIJ9cujXVo8rjsRffVP-S3n1iY,ದೀಕ್ಷಾ ಚಾಟ್ಸ್ ಮತ್ತು ಗೋಜ ಸಂಟ‌,santa
kol,kol:places:ChIJTS6RP4V3AjoRgdGGCVkFG-M,Santa Delivers,santa
del,del:places:ChIJHxzDzLEbDTkRPAoCVLGBN9M,Mehra Vaishno Dhaba,mehra
maa2,maa2:places:ChIJq8s-UGBdUjoRaXaoBllEzTc,Maalai Pasi,pasi
