path,sha256
data/reference/dictionary.csv,d6bbd00caf887a63ed7a6195038db815fd0c72cf2e4b418657555a5d848a82b0
data/reference/normalization.csv,0d3865535c543e0af3b1d20d74602349192d16e2147c168d6768d082b82f3ef4
data/reference/screening_sample.csv,e59b1bbf66c05d19c4966c187ad0618e13ad938a7a5310d49fff960a659ed201
scripts/adjudicate_matches.py,b72b763192a7c429f48328789eae170ca8590e49cc4b0d65b33bf0608b0a7e83
scripts/analyze_caste_branding.py,8751b308956cab43b94f1818bcb4eb88a223b0a95b9a502dc3fe3704d36009b7
scripts/collect_restaurants.py,7dbb2ff4b2cdff74c381e24a12f61e0be7e6728ed1fb661d3d081b50ea974af7
scripts/final_estimates.py,de40d8479a72f65eda8d5b4a0e14512f4a5028adbd6275856652fd7bdab28c8d
scripts/historical_directories.py,f543ff72b7041254b494caea857a4c231255db11c9a6713f33d5429df0d092f4
scripts/reconstruct_raw.py,99d4b623188f52b1651f179dfadcab01ffceb1751ee9b39260ad5a011cbd7e74
scripts/sample_frame.py,e34c2c145743a7faba7169da7dbb9b6aef6797307475e2209c6670d7dfa5b989
scripts/sampled_estimates.py,4faae1f8933583a6963774d3022b977fa65039adf7a7f4b73befd9374dd36003
scripts/scst_signal.py,90455cf31b9f8c3cec946943310e4473edb0c045876ae8d789531a670ac25c65
